Classifier,Accuracy,Train_Time
Logistic Regression,0.7795733025803662,71.09434723854065
Linear SVM,0.7762289173994522,121.89541959762573
KNN (k=10),0.763903704771515,0.07573866844177246
Random Forest (200),0.7292057085195329,150.60851335525513
