Category,Precision,Recall,F1-Score,Support
Account,0.8244607708325148,0.8571603627154645,0.8404926404325623,24482
Billing,0.7952670233022033,0.754429726475142,0.7743103067755462,11626
Fraud,0.6643464810518175,0.34250398724082937,0.4519863193896343,2508
General Inquiry,0.7217655591628099,0.7412741203178207,0.731389773562454,14096
Technical,0.76031078397009,0.7813062792652179,0.7706655613453339,16658
